"0","https://www.google.com/patents/US20130044215"
"1","https://www.google.com/patents/US20140159067"
"2","https://www.google.com/patents/US8642363"
"3","https://www.google.com/patents/US20140299837"
"4","https://www.google.com/patents/US20140339495"
"5","https://www.google.com/patents/US20140368561"
"6","https://www.google.com/patents/US20140094878"
"7","https://www.google.com/patents/US8637332"
"8","https://www.google.com/patents/US20140131755"
"9","https://www.google.com/patents/US20140008667"
"10","https://www.google.com/patents/US20140091993"
"11","https://www.google.com/patents/US20140027709"
"12","https://www.google.com/patents/US8809875"
"13","https://www.google.com/patents/US8794501"
"14","https://www.google.com/patents/US20140061687"
"15","https://www.google.com/patents/US8791474"
"16","https://www.google.com/patents/US20140367711"
"17","https://www.google.com/patents/US8902139"
"18","https://www.google.com/patents/US20140367633"
"19","https://www.google.com/patents/US8906713"
"20","https://www.google.com/patents/US8711057"
"21","https://www.google.com/patents/US8912023"
"22","https://www.google.com/patents/US8835940"
"23","https://www.google.com/patents/US20140332828"
"24","https://www.google.com/patents/US20140159324"
"25","https://www.google.com/patents/US20140290867"
"26","https://www.google.com/patents/US8789573"
"27","https://www.google.com/patents/US8646505"
"28","https://www.google.com/patents/US8791530"
"29","https://www.google.com/patents/US20140084482"
"30","https://www.google.com/patents/US20140177271"
"31","https://www.google.com/patents/US20140169927"
"32","https://www.google.com/patents/US20140363928"
"33","https://www.google.com/patents/US20140241844"
"34","https://www.google.com/patents/US20140196851"
"35","https://www.google.com/patents/US20140209248"
"36","https://www.google.com/patents/US8686542"
"37","https://www.google.com/patents/US20140158415"
"38","https://www.google.com/patents/US20140267683"
"39","https://www.google.com/patents/US8716767"
"40","https://www.google.com/patents/US20140240999"
"41","https://www.google.com/patents/US8803166"
"42","https://www.google.com/patents/US20140254136"
"43","https://www.google.com/patents/US20140169924"
"44","https://www.google.com/patents/US8901835"
"45","https://www.google.com/patents/US20140355251"
"46","https://www.google.com/patents/US8803180"
"47","https://www.google.com/patents/US20140151740"
"48","https://www.google.com/patents/US8733981"
"49","https://www.google.com/patents/US20140231834"
"50","https://www.google.com/patents/US20140159065"
"51","https://www.google.com/patents/US20140078131"
"52","https://www.google.com/patents/US20140232759"
"53","https://www.google.com/patents/US20140159066"
"54","https://www.google.com/patents/US8648328"
"55","https://www.google.com/patents/US20140177234"
"56","https://www.google.com/patents/US8740417"
"57","https://www.google.com/patents/US20140273186"
"58","https://www.google.com/patents/US20140014911"
"59","https://www.google.com/patents/US20140168037"
"60","https://www.google.com/patents/US8766527"
"61","https://www.google.com/patents/US20140203939"
"62","https://www.google.com/patents/US8736272"
"63","https://www.google.com/patents/US20140230835"
"64","https://www.google.com/patents/US20140087971"
"65","https://www.google.com/patents/US20140104243"
"66","https://www.google.com/patents/US8773393"
"67","https://www.google.com/patents/US20140355168"
"68","https://www.google.com/patents/US8861066"
"69","https://www.google.com/patents/US20140254622"
"70","https://www.google.com/patents/US8767983"
"71","https://www.google.com/patents/US20140049504"
"72","https://www.google.com/patents/US20140251671"
"73","https://www.google.com/patents/US8919840"
"74","https://www.google.com/patents/US20140354899"
"75","https://www.google.com/patents/US20140251672"
"76","https://www.google.com/patents/US20140242297"
"77","https://www.google.com/patents/US20140205810"
"78","https://www.google.com/patents/US20140051318"
"79","https://www.google.com/patents/US20140246866"
"80","https://www.google.com/patents/US8662879"
"81","https://www.google.com/patents/US20140209357"
"82","https://www.google.com/patents/US20140159043"
"83","https://www.google.com/patents/US20140066864"
"84","https://www.google.com/patents/US8794803"
"85","https://www.google.com/patents/US8759123"
"86","https://www.google.com/patents/US20140145237"
"87","https://www.google.com/patents/US20140354898"
"88","https://www.google.com/patents/US20140043280"
"89","https://www.google.com/patents/US20140268740"
"90","https://www.google.com/patents/US8866414"
"91","https://www.google.com/patents/US8786191"
"92","https://www.google.com/patents/US8786129"
"93","https://www.google.com/patents/US8624500"
"94","https://www.google.com/patents/US8754579"
"95","https://www.google.com/patents/US20140255482"
"96","https://www.google.com/patents/US20140370203"
"97","https://www.google.com/patents/US8791008"
"98","https://www.google.com/patents/US8884330"
"99","https://www.google.com/patents/US20140320035"
"100","https://www.google.com/patents/US20140332256"
"101","https://www.google.com/patents/US20140352143"
"102","https://www.google.com/patents/US20140306382"
"103","https://www.google.com/patents/US8779456"
"104","https://www.google.com/patents/US20140368127"
"105","https://www.google.com/patents/US8628985"
"106","https://www.google.com/patents/US8685774"
"107","https://www.google.com/patents/US20140103289"
"108","https://www.google.com/patents/US20140167912"
"109","https://www.google.com/patents/US20140112041"
"110","https://www.google.com/patents/US20140300273"
"111","https://www.google.com/patents/US8797741"
"112","https://www.google.com/patents/US8624213"
"113","https://www.google.com/patents/US20140192326"
"114","https://www.google.com/patents/US20140168415"
"115","https://www.google.com/patents/US20140265034"
"116","https://www.google.com/patents/US8803967"
"117","https://www.google.com/patents/US8710765"
"118","https://www.google.com/patents/US8803960"
"119","https://www.google.com/patents/US8786466"
"120","https://www.google.com/patents/US8769878"
"121","https://www.google.com/patents/US20140098557"
"122","https://www.google.com/patents/US8698421"
"123","https://www.google.com/patents/US8727786"
"124","https://www.google.com/patents/US8632216"
"125","https://www.google.com/patents/US8672516"
"126","https://www.google.com/patents/US8910638"
"127","https://www.google.com/patents/US20140128941"
"128","https://www.google.com/patents/US8833981"
"129","https://www.google.com/patents/US8771353"
"130","https://www.google.com/patents/US8777427"
"131","https://www.google.com/patents/US8686447"
"132","https://www.google.com/patents/US8865489"
"133","https://www.google.com/patents/US8784460"
"134","https://www.google.com/patents/US8705177"
"135","https://www.google.com/patents/US20140031983"
"136","https://www.google.com/patents/US8716649"
"137","https://www.google.com/patents/US8662508"
"138","https://www.google.com/patents/US20140272764"
"139","https://www.google.com/patents/US20140212085"
"140","https://www.google.com/patents/US8642326"
"141","https://www.google.com/patents/US20140285102"
"142","https://www.google.com/patents/US8786165"
"143","https://www.google.com/patents/US20140217307"
"144","https://www.google.com/patents/US8776386"
"145","https://www.google.com/patents/US8724052"
"146","https://www.google.com/patents/US8842067"
"147","https://www.google.com/patents/US8631712"
"148","https://www.google.com/patents/US20140064574"
"149","https://www.google.com/patents/US8742530"
"150","https://www.google.com/patents/US8809191"
"151","https://www.google.com/patents/US8803776"
"152","https://www.google.com/patents/US8622900"
"153","https://www.google.com/patents/US8624202"
"154","https://www.google.com/patents/US8644547"
"155","https://www.google.com/patents/US8720238"
"156","https://www.google.com/patents/US8660669"
"157","https://www.google.com/patents/US8770969"
"158","https://www.google.com/patents/US8734408"
"159","https://www.google.com/patents/US8758974"
"160","https://www.google.com/patents/US20140087257"
"161","https://www.google.com/patents/US20140172133"
"162","https://www.google.com/patents/US20140045463"
"163","https://www.google.com/patents/US8695267"
"164","https://www.google.com/patents/US8849471"
"165","https://www.google.com/patents/US20140250879"
"166","https://www.google.com/patents/US8847614"
"167","https://www.google.com/patents/US8771402"
"168","https://www.google.com/patents/US8669853"
"169","https://www.google.com/patents/US8847514"
"170","https://www.google.com/patents/US8910641"
"171","https://www.google.com/patents/US20140184425"
"172","https://www.google.com/patents/US20140187666"
"173","https://www.google.com/patents/US8830588"
"174","https://www.google.com/patents/US8644967"
"175","https://www.google.com/patents/US8697429"
"176","https://www.google.com/patents/US20140102536"
"177","https://www.google.com/patents/US8835965"
"178","https://www.google.com/patents/US8794244"
"179","https://www.google.com/patents/US20140104824"
"180","https://www.google.com/patents/US8651111"
"181","https://www.google.com/patents/US20140180460"
"182","https://www.google.com/patents/US20140118128"
"183","https://www.google.com/patents/US20140303535"
"184","https://www.google.com/patents/US8731657"
"185","https://www.google.com/patents/US8765460"
"186","https://www.google.com/patents/US20140030800"
"187","https://www.google.com/patents/US8659237"
"188","https://www.google.com/patents/US20140168946"
"189","https://www.google.com/patents/US20140022688"
"190","https://www.google.com/patents/US20140240967"
"191","https://www.google.com/patents/US8825124"
"192","https://www.google.com/patents/US8749890"
"193","https://www.google.com/patents/US8816840"
"194","https://www.google.com/patents/US20140139117"
"195","https://www.google.com/patents/US8759791"
"196","https://www.google.com/patents/US8878157"
"197","https://www.google.com/patents/US8654319"
"198","https://www.google.com/patents/US20140044239"
"199","https://www.google.com/patents/US20140307179"
"200","https://www.google.com/patents/US8717775"
"201","https://www.google.com/patents/US8947382"
"202","https://www.google.com/patents/US20140285520"
"203","https://www.google.com/patents/US20140295918"
"204","https://www.google.com/patents/US20140139486"
"205","https://www.google.com/patents/US20140055352"
"206","https://www.google.com/patents/US20060197835"
"207","https://www.google.com/patents/US8988349"
"208","https://www.google.com/patents/US20140160055"
"209","https://www.google.com/patents/US20150065893"
"210","https://www.google.com/patents/US20130154970"
"211","https://www.google.com/patents/US20140028546"
"212","https://www.google.com/patents/US20140062892"
"213","https://www.google.com/patents/US20110043496"
"214","https://www.google.com/patents/US20140055352"
"215","https://www.google.com/patents/US8098141"
"216","https://www.google.com/patents/US20140347289"
"217","https://www.google.com/patents/US8576073"
"218","https://www.google.com/patents/US20110127306"
"219","https://www.google.com/patents/US20150062022"
"220","https://www.google.com/patents/US20070246494"
"221","https://www.google.com/patents/US20140257049"
"222","https://www.google.com/patents/US8020327"
"223","https://www.google.com/patents/US20130191741"
"224","https://www.google.com/patents/US8766531"
"225","https://www.google.com/patents/US20140196131"
"226","https://www.google.com/patents/US20130279306"
"227","https://www.google.com/patents/US20140087685"
"228","https://www.google.com/patents/US8289162"
"229","https://www.google.com/patents/US8833665"
"230","https://www.google.com/patents/US20130191741"
"231","https://www.google.com/patents/US20100219943"
"232","https://www.google.com/patents/US20110149694"
"233","https://www.google.com/patents/US20070246494"
"234","https://www.google.com/patents/US20140366123"
"235","https://www.google.com/patents/US20140347289"
"236","https://www.google.com/patents/US8541745"
"237","https://www.google.com/patents/US20120105360"
"238","https://www.google.com/patents/US7778118"
"239","https://www.google.com/patents/US20080291225"
"240","https://www.google.com/patents/US20140366123"
"241","https://www.google.com/patents/US20140098018"
"242","https://www.google.com/patents/US20140198034"
"243","https://www.google.com/patents/US20090126243"
"244","https://www.google.com/patents/US20060012566"
"245","https://www.google.com/patents/US8787006"
"246","https://www.google.com/patents/US20140218184"
"247","https://www.google.com/patents/US20090231960"
"248","https://www.google.com/patents/US20070143382"
"249","https://www.google.com/patents/US20140218184"
"250","https://www.google.com/patents/US20120184367"
"251","https://www.google.com/patents/US20130154838"
"252","https://www.google.com/patents/US8851372"
"253","https://www.google.com/patents/US20130044215"
"254","https://www.google.com/patents/US20060209218"
"255","https://www.google.com/patents/US20130271392"
"256","https://www.google.com/patents/US8686947"
"257","https://www.google.com/patents/US20100103104"
"258","https://www.google.com/patents/US20130338460"
"259","https://www.google.com/patents/US20090231960"
"260","https://www.google.com/patents/US20130271350"
"261","https://www.google.com/patents/US20140210852"
"262","https://www.google.com/patents/US8279716"
"263","https://www.google.com/patents/US20110227738"
"264","https://www.google.com/patents/US7751285"
"265","https://www.google.com/patents/US20100029327"
"266","https://www.google.com/patents/US7618260"
"267","https://www.google.com/patents/US8811951"
"268","https://www.google.com/patents/US20140180582"
"269","https://www.google.com/patents/US20140218852"
"270","https://www.google.com/patents/US20130262298"
"271","https://www.google.com/patents/US20080120029"
"272","https://www.google.com/patents/US20070178950"
"273","https://www.google.com/patents/US20150081539"
"274","https://www.google.com/patents/US20140128753"
"275","https://www.google.com/patents/US20140045547"
"276","https://www.google.com/patents/US20080084385"
"277","https://www.google.com/patents/US20080129694"
"278","https://www.google.com/patents/US20140316309"
"279","https://www.google.com/patents/US20110214158"
"280","https://www.google.com/patents/US20100199232"
"281","https://www.google.com/patents/US20140378113"
"282","https://www.google.com/patents/US20140276227"
"283","https://www.google.com/patents/US20140139637"
"284","https://www.google.com/patents/US20140139454"
"285","https://www.google.com/patents/US8482909"
"286","https://www.google.com/patents/US20090069045"
"287","https://www.google.com/patents/US8275327"
"288","https://www.google.com/patents/US20120326046"
"289","https://www.google.com/patents/US20150065090"
"290","https://www.google.com/patents/US20130218456"
"291","https://www.google.com/patents/US8154844"
"292","https://www.google.com/patents/US20140266983"
"293","https://www.google.com/patents/US8948832"
"294","https://www.google.com/patents/US20140378777"
"295","https://www.google.com/patents/US20120165158"
"296","https://www.google.com/patents/US7839383"
"297","https://www.google.com/patents/US20140273849"
"298","https://www.google.com/patents/US20120028721"
"299","https://www.google.com/patents/US20090321483"
"300","https://www.google.com/patents/US8467270"
"301","https://www.google.com/patents/US8725842"
"302","https://www.google.com/patents/US20120089054"
"303","https://www.google.com/patents/US20110028790"
"304","https://www.google.com/patents/US8624836"
"305","https://www.google.com/patents/US20150067580"
"306","https://www.google.com/patents/US20120229270"
"307","https://www.google.com/patents/US20140121539"
"308","https://www.google.com/patents/US20140045463"
"309","https://www.google.com/patents/US8328055"
"310","https://www.google.com/patents/US20140139422"
"311","https://www.google.com/patents/US8170656"
"312","https://www.google.com/patents/US20140085050"
"313","https://www.google.com/patents/US20090273478"
"314","https://www.google.com/patents/US20140184384"
"315","https://www.google.com/patents/US8088043"
"316","https://www.google.com/patents/US20090280861"
"317","https://www.google.com/patents/US8708903"
"318","https://www.google.com/patents/US8517896"
"319","https://www.google.com/patents/US8408436"
"320","https://www.google.com/patents/US20120168471"
"321","https://www.google.com/patents/US20140135631"
"322","https://www.google.com/patents/US20100198009"
"323","https://www.google.com/patents/US8381989"
"324","https://www.google.com/patents/US8430310"
"325","https://www.google.com/patents/US8059101"
"326","https://www.google.com/patents/US8994498"
"327","https://www.google.com/patents/US20140143785"
"328","https://www.google.com/patents/US20140143784"
"329","https://www.google.com/patents/US8515505"
"330","https://www.google.com/patents/US20140245786"
"331","https://www.google.com/patents/US20140245791"
"332","https://www.google.com/patents/US20140245787"
"333","https://www.google.com/patents/US8542206"
"334","https://www.google.com/patents/US7539532"
"335","https://www.google.com/patents/US7558622"
"336","https://www.google.com/patents/US20140293145"
"337","https://www.google.com/patents/US20140198017"
"338","https://www.google.com/patents/US20140198017"
"339","https://www.google.com/patents/US20140249943"
"340","https://www.google.com/patents/US20150049657"
"341","https://www.google.com/patents/US20130290427"
"342","https://www.google.com/patents/US20140254896"
"343","https://www.google.com/patents/US20140246501"
"344","https://www.google.com/patents/US20080266118"
"345","https://www.google.com/patents/US20090069642"
"346","https://www.google.com/patents/US8025632"
"347","https://www.google.com/patents/US20080071386"
"348","https://www.google.com/patents/US20090171180"
"349","https://www.google.com/patents/US7539533"
"350","https://www.google.com/patents/US8747336"
"351","https://www.google.com/patents/US8684900"
"352","https://www.google.com/patents/US20140160078"
"353","https://www.google.com/patents/US20120004523"
"354","https://www.google.com/patents/US20120316455"
"355","https://www.google.com/patents/US7692552"
"356","https://www.google.com/patents/US8764651"
"357","https://www.google.com/patents/US8362350"
"358","https://www.google.com/patents/US8292493"
"359","https://www.google.com/patents/US8972283"
"360","https://www.google.com/patents/US20100302137"
"361","https://www.google.com/patents/US20120242592"
"362","https://www.google.com/patents/US8684922"
"363","https://www.google.com/patents/US8585620"
"364","https://www.google.com/patents/US8123624"
"365","https://www.google.com/patents/US8827906"
"366","https://www.google.com/patents/US20120242588"
"367","https://www.google.com/patents/US9013300"
"368","https://www.google.com/patents/US20090306499"
"369","https://www.google.com/patents/US20130235008"
"370","https://www.google.com/patents/US20150041289"
"371","https://www.google.com/patents/US8328718"
"372","https://www.google.com/patents/US8323189"
"373","https://www.google.com/patents/US8010180"
"374","https://www.google.com/patents/US20140246917"
"375","https://www.google.com/patents/US20130338460"
"376","https://www.google.com/patents/US20140221849"
"377","https://www.google.com/patents/US20080300055"
"378","https://www.google.com/patents/US8482412"
"379","https://www.google.com/patents/US20120245464"
"380","https://www.google.com/patents/US20070078324"
"381","https://www.google.com/patents/US8723824"
"382","https://www.google.com/patents/US8103333"
"383","https://www.google.com/patents/US20150001290"
"384","https://www.google.com/patents/US20090318779"
"385","https://www.google.com/patents/US20140293755"
"386","https://www.google.com/patents/US8655441"
"387","https://www.google.com/patents/US20140249853"
"388","https://www.google.com/patents/US8475368"
"389","https://www.google.com/patents/US8929085"
"390","https://www.google.com/patents/US20150062840"
"391","https://www.google.com/patents/US20070100666"
"392","https://www.google.com/patents/US20130194066"
"393","https://www.google.com/patents/US20080004904"
"394","https://www.google.com/patents/US8918075"
"395","https://www.google.com/patents/US20140276244"
"396","https://www.google.com/patents/US20140094707"
"397","https://www.google.com/patents/US20120218091"
"398","https://www.google.com/patents/US20140241555"
"399","https://www.google.com/patents/US8838235"
"400","https://www.google.com/patents/US8432322"
"401","https://www.google.com/patents/US8369936"
"402","https://www.google.com/patents/US7221552"
"403","https://www.google.com/patents/US20140197317"
"404","https://www.google.com/patents/US20070135225"
"405","https://www.google.com/patents/US8647268"
"406","https://www.google.com/patents/US20140304094"
"407","https://www.google.com/patents/US8571628"
"408","https://www.google.com/patents/US20130087593"
"409","https://www.google.com/patents/US20120317024"
"410","https://www.google.com/patents/US20130181810"
"411","https://www.google.com/patents/US8784271"
"412","https://www.google.com/patents/US20130332353"
"413","https://www.google.com/patents/US8858399"
"414","https://www.google.com/patents/US8111589"
"415","https://www.google.com/patents/US20140307207"
"416","https://www.google.com/patents/US8461988"
"417","https://www.google.com/patents/US20150049000"
"418","https://www.google.com/patents/US7733224"
"419","https://www.google.com/patents/US8009141"
"420","https://www.google.com/patents/US8525673"
"421","https://www.google.com/patents/US8531291"
"422","https://www.google.com/patents/US8823524"
"423","https://www.google.com/patents/US20140152632"
"424","https://www.google.com/patents/US20120271121"
"425","https://www.google.com/patents/US8253586"
"426","https://www.google.com/patents/US20140357316"
"427","https://www.google.com/patents/US20120299912"
"428","https://www.google.com/patents/US7612725"
"429","https://www.google.com/patents/US20010010555"
"430","https://www.google.com/patents/US20010029322"
"431","https://www.google.com/patents/US20010033639"
"432","https://www.google.com/patents/US20010041328"
"433","https://www.google.com/patents/US20010043264"
"434","https://www.google.com/patents/US20010047025"
"435","https://www.google.com/patents/US20010055788"
"436","https://www.google.com/patents/US20020004753"
"437","https://www.google.com/patents/US20020007053"
"438","https://www.google.com/patents/US20020010571"
"439","https://www.google.com/patents/US20020015024"
"440","https://www.google.com/patents/US20020018076"
"441","https://www.google.com/patents/US20020030702"
"442","https://www.google.com/patents/US20020032682"
"443","https://www.google.com/patents/US20020037850"
"444","https://www.google.com/patents/US20020049607"
"445","https://www.google.com/patents/US20020053078"
"446","https://www.google.com/patents/US20020062481"
"447","https://www.google.com/patents/US20020063802"
"448","https://www.google.com/patents/US20020064149"
"449","https://www.google.com/patents/US20020069218"
"450","https://www.google.com/patents/US20020073191"
"451","https://www.google.com/patents/US20020076693"
"452","https://www.google.com/patents/US20020103263"
"453","https://www.google.com/patents/US20020105529"
"454","https://www.google.com/patents/US20020111297"
"455","https://www.google.com/patents/US20020113791"
"456","https://www.google.com/patents/US20020113805"
"457","https://www.google.com/patents/US20020113812"
"458","https://www.google.com/patents/US20020114536"
"459","https://www.google.com/patents/US20020119434"
"460","https://www.google.com/patents/US20020124098"
"461","https://www.google.com/patents/US20020128859"
"462","https://www.google.com/patents/US20020128933"
"463","https://www.google.com/patents/US20020134257"
"464","https://www.google.com/patents/US20020138590"
"465","https://www.google.com/patents/US20020147773"
"466","https://www.google.com/patents/US20020158827"
"467","https://www.google.com/patents/US20020169687"
"468","https://www.google.com/patents/US20020173966"
"469","https://www.google.com/patents/US20020187831"
"470","https://www.google.com/patents/US20020191000"
"471","https://www.google.com/patents/US20030001880"
"472","https://www.google.com/patents/US20030007204"
"473","https://www.google.com/patents/US20030023686"
"474","https://www.google.com/patents/US20030040489"
"475","https://www.google.com/patents/US20030043054"
"476","https://www.google.com/patents/US20030058277"
"477","https://www.google.com/patents/US20030060516"
"478","https://www.google.com/patents/US20030063089"
"479","https://www.google.com/patents/US20030063816"
"480","https://www.google.com/patents/US20030068098"
"481","https://www.google.com/patents/US20030083957"
"482","https://www.google.com/patents/US20030087816"
"483","https://www.google.com/patents/US20030091563"
"484","https://www.google.com/patents/US20030093564"
"485","https://www.google.com/patents/US20030095338"
"486","https://www.google.com/patents/US20030100483"
"487","https://www.google.com/patents/US20030106063"
"488","https://www.google.com/patents/US20030135095"
"489","https://www.google.com/patents/US20030135867"
"490","https://www.google.com/patents/US20030139975"
"491","https://www.google.com/patents/US20030149642"
"492","https://www.google.com/patents/US20030158095"
"493","https://www.google.com/patents/US20030158792"
"494","https://www.google.com/patents/US20030167166"
"495","https://www.google.com/patents/US20030167405"
"496","https://www.google.com/patents/US20030169366"
"497","https://www.google.com/patents/US20030170330"
"498","https://www.google.com/patents/US20030179923"
"499","https://www.google.com/patents/US20030185815"
"500","https://www.google.com/patents/US20030191173"
"501","https://www.google.com/patents/US20030193606"
"502","https://www.google.com/patents/US20030193607"
"503","https://www.google.com/patents/US20030194692"
"504","https://www.google.com/patents/US20030198953"
"505","https://www.google.com/patents/US20030200326"
"506","https://www.google.com/patents/US20030205204"
"507","https://www.google.com/patents/US20030206982"
"508","https://www.google.com/patents/US20030207287"
"509","https://www.google.com/patents/US20030212257"
"510","https://www.google.com/patents/US20030219752"
"511","https://www.google.com/patents/US20030221121"
"512","https://www.google.com/patents/US20030227440"
"513","https://www.google.com/patents/US20030229900"
"514","https://www.google.com/patents/US20030231179"
"515","https://www.google.com/patents/US20030231213"
"516","https://www.google.com/patents/US20040002966"
"517","https://www.google.com/patents/US20040005558"
"518","https://www.google.com/patents/US20040009813"
"519","https://www.google.com/patents/US20040019535"
"520","https://www.google.com/patents/US20040019681"
"521","https://www.google.com/patents/US20040021668"
"522","https://www.google.com/patents/US20040026304"
"523","https://www.google.com/patents/US20040031058"
"524","https://www.google.com/patents/US20040066397"
"525","https://www.google.com/patents/US20040077090"
"526","https://www.google.com/patents/US20040077264"
"527","https://www.google.com/patents/US20040078591"
"528","https://www.google.com/patents/US20040086850"
"529","https://www.google.com/patents/US20040100565"
"530","https://www.google.com/patents/US20040107461"
"531","https://www.google.com/patents/US20040109031"
"532","https://www.google.com/patents/US20040127403"
"533","https://www.google.com/patents/US20040135820"
"534","https://www.google.com/patents/US20040152638"
"535","https://www.google.com/patents/US20040153378"
"536","https://www.google.com/patents/US20040156920"
"537","https://www.google.com/patents/US20040170965"
"538","https://www.google.com/patents/US20040192590"
"539","https://www.google.com/patents/US20040196253"
"540","https://www.google.com/patents/US20040201754"
"541","https://www.google.com/patents/US20040207639"
"542","https://www.google.com/patents/US20040207640"
"543","https://www.google.com/patents/US20040207641"
"544","https://www.google.com/patents/US20040227751"
"545","https://www.google.com/patents/US20040234947"
"546","https://www.google.com/patents/US20040250159"
"547","https://www.google.com/patents/US20040257384"
"548","https://www.google.com/patents/US20050025465"
"549","https://www.google.com/patents/US20050027794"
"550","https://www.google.com/patents/US20050044423"
"551","https://www.google.com/patents/US20050068523"
"552","https://www.google.com/patents/US20050069225"
"553","https://www.google.com/patents/US20050071736"
"554","https://www.google.com/patents/US20050081264"
"555","https://www.google.com/patents/US20050095564"
"556","https://www.google.com/patents/US20050102187"
"557","https://www.google.com/patents/US20050104867"
"558","https://www.google.com/patents/US20050108579"
"559","https://www.google.com/patents/US20050124010"
"560","https://www.google.com/patents/US20050158327"
"561","https://www.google.com/patents/US20050165285"
"562","https://www.google.com/patents/US20050193160"
"563","https://www.google.com/patents/US20050206743"
"564","https://www.google.com/patents/US20050214316"
"565","https://www.google.com/patents/US20050234349"
"566","https://www.google.com/patents/US20050246329"
"567","https://www.google.com/patents/US20050246430"
"568","https://www.google.com/patents/US20050246753"
"569","https://www.google.com/patents/US20050251456"
"570","https://www.google.com/patents/US20050251458"
"571","https://www.google.com/patents/US20050251676"
"572","https://www.google.com/patents/US20050254498"
"573","https://www.google.com/patents/US20050262989"
"574","https://www.google.com/patents/US20050266465"
"575","https://www.google.com/patents/US20050268321"
"576","https://www.google.com/patents/US20050286794"
"577","https://www.google.com/patents/US20050288954"
"578","https://www.google.com/patents/US20060003444"
"579","https://www.google.com/patents/US20060011716"
"580","https://www.google.com/patents/US20060024394"
"581","https://www.google.com/patents/US20060031472"
"582","https://www.google.com/patents/US20060051747"
"583","https://www.google.com/patents/US20060063261"
"584","https://www.google.com/patents/US20060094105"
"585","https://www.google.com/patents/US20060098023"
"586","https://www.google.com/patents/US20060114264"
"587","https://www.google.com/patents/US20060119601"
"588","https://www.google.com/patents/US20060167936"
"589","https://www.google.com/patents/US20060168690"
"590","https://www.google.com/patents/US20060177799"
"591","https://www.google.com/patents/US20060206422"
"592","https://www.google.com/patents/US20060210967"
"593","https://www.google.com/patents/US20060212361"
"594","https://www.google.com/patents/US20060218479"
"595","https://www.google.com/patents/US20060229952"
"596","https://www.google.com/patents/US20060230064"
"597","https://www.google.com/patents/US20060232567"
"598","https://www.google.com/patents/US20060232665"
"599","https://www.google.com/patents/US20060238518"
"600","https://www.google.com/patents/US20060238519"
"601","https://www.google.com/patents/US20060238520"
"602","https://www.google.com/patents/US20060238521"
"603","https://www.google.com/patents/US20060238522"
"604","https://www.google.com/patents/US20060245729"
"605","https://www.google.com/patents/US20060286667"
"606","https://www.google.com/patents/US20060287617"
"607","https://www.google.com/patents/US20060293921"
"608","https://www.google.com/patents/US20070020235"
"609","https://www.google.com/patents/US20070020734"
"610","https://www.google.com/patents/US20070025966"
"611","https://www.google.com/patents/US20070033170"
"612","https://www.google.com/patents/US20070033292"
"613","https://www.google.com/patents/US20070033515"
"614","https://www.google.com/patents/US20070033521"
"615","https://www.google.com/patents/US20070033533"
"616","https://www.google.com/patents/US20070038612"
"617","https://www.google.com/patents/US20070044010"
"618","https://www.google.com/patents/US20070065939"
"619","https://www.google.com/patents/US20070070050"
"620","https://www.google.com/patents/US20070070051"
"621","https://www.google.com/patents/US20070070052"
"622","https://www.google.com/patents/US20070078919"
"623","https://www.google.com/patents/US20070081726"
"624","https://www.google.com/patents/US20070101941"
"625","https://www.google.com/patents/US20070124043"
"626","https://www.google.com/patents/US20070124044"
"627","https://www.google.com/patents/US20070124045"
"628","https://www.google.com/patents/US20070124046"
"629","https://www.google.com/patents/US20070139395"
"630","https://www.google.com/patents/US20070150984"
"631","https://www.google.com/patents/US20070165035"
"632","https://www.google.com/patents/US20070225204"
"633","https://www.google.com/patents/US20070225205"
"634","https://www.google.com/patents/US20070242085"
"635","https://www.google.com/patents/US20070247426"
"636","https://www.google.com/patents/US20070255805"
"637","https://www.google.com/patents/US20070268273"
"638","https://www.google.com/patents/US20070268274"
"639","https://www.google.com/patents/US20070268275"
"640","https://www.google.com/patents/US20070273758"
"641","https://www.google.com/patents/US20070291035"
"642","https://www.google.com/patents/US20070294259"
"643","https://www.google.com/patents/US20080010585"
"644","https://www.google.com/patents/US20080031853"
"645","https://www.google.com/patents/US20080041639"
"646","https://www.google.com/patents/US20080042986"
"647","https://www.google.com/patents/US20080042987"
"648","https://www.google.com/patents/US20080042988"
"649","https://www.google.com/patents/US20080042989"
"650","https://www.google.com/patents/US20080051638"
"651","https://www.google.com/patents/US20080052404"
"652","https://www.google.com/patents/US20080070203"
"653","https://www.google.com/patents/US20080074500"
"654","https://www.google.com/patents/US20080076710"
"655","https://www.google.com/patents/US20080095339"
"656","https://www.google.com/patents/US20080128182"
"657","https://www.google.com/patents/US20080132383"
"658","https://www.google.com/patents/US20080166306"
"659","https://www.google.com/patents/US20080171363"
"660","https://www.google.com/patents/US20080176077"
"661","https://www.google.com/patents/US20080183030"
"662","https://www.google.com/patents/US20080222243"
"663","https://www.google.com/patents/US20080226597"
"664","https://www.google.com/patents/US20080291201"
"665","https://www.google.com/patents/US20080312928"
"666","https://www.google.com/patents/US20090021489"
"667","https://www.google.com/patents/US20090054330"
"668","https://www.google.com/patents/US20090061017"
"669","https://www.google.com/patents/US20090093300"
"670","https://www.google.com/patents/US20090099474"
"671","https://www.google.com/patents/US20090106353"
"672","https://www.google.com/patents/US20090109959"
"673","https://www.google.com/patents/US20090118017"
"674","https://www.google.com/patents/US20090118018"
"675","https://www.google.com/patents/US20090118019"
"676","https://www.google.com/patents/US20090119729"
"677","https://www.google.com/patents/US20090119730"
"678","https://www.google.com/patents/US20090119731"
"679","https://www.google.com/patents/US20090119736"
"680","https://www.google.com/patents/US20090119737"
"681","https://www.google.com/patents/US20090119738"
"682","https://www.google.com/patents/US20090124387"
"683","https://www.google.com/patents/US20090125961"
"684","https://www.google.com/patents/US20090125967"
"685","https://www.google.com/patents/US20090125968"
"686","https://www.google.com/patents/US20090130718"
"687","https://www.google.com/patents/US20090137933"
"688","https://www.google.com/patents/US20090160816"
"689","https://www.google.com/patents/US20090170717"
"690","https://www.google.com/patents/US20090174676"
"691","https://www.google.com/patents/US20090174688"
"692","https://www.google.com/patents/US20090189974"
"693","https://www.google.com/patents/US20090196516"
"694","https://www.google.com/patents/US20090210245"
"695","https://www.google.com/patents/US20090213927"
"696","https://www.google.com/patents/US20090213935"
"697","https://www.google.com/patents/US20090215531"
"698","https://www.google.com/patents/US20090215540"
"699","https://www.google.com/patents/US20090216132"
"700","https://www.google.com/patents/US20090220001"
"701","https://www.google.com/patents/US20090220002"
"702","https://www.google.com/patents/US20090225220"
"703","https://www.google.com/patents/US20090225828"
"704","https://www.google.com/patents/US20090225863"
"705","https://www.google.com/patents/US20090228946"
"706","https://www.google.com/patents/US20090237411"
"707","https://www.google.com/patents/US20090240167"
"708","https://www.google.com/patents/US20090244031"
"709","https://www.google.com/patents/US20090244032"
"710","https://www.google.com/patents/US20090244033"
"711","https://www.google.com/patents/US20090249236"
"712","https://www.google.com/patents/US20090251435"
"713","https://www.google.com/patents/US20090251438"
"714","https://www.google.com/patents/US20090251439"
"715","https://www.google.com/patents/US20090286222"
"716","https://www.google.com/patents/US20090299645"
"717","https://www.google.com/patents/US20090307179"
"718","https://www.google.com/patents/US20090307180"
"719","https://www.google.com/patents/US20090307181"
"720","https://www.google.com/patents/US20090319672"
"721","https://www.google.com/patents/US20090320073"
"722","https://www.google.com/patents/US20090324052"
"723","https://www.google.com/patents/US20090324645"
"724","https://www.google.com/patents/US20100005009"
"725","https://www.google.com/patents/US20100010371"
"726","https://www.google.com/patents/US20100023576"
"727","https://www.google.com/patents/US20100029381"
"728","https://www.google.com/patents/US20100039254"
"729","https://www.google.com/patents/US20100048302"
"730","https://www.google.com/patents/US20100050221"
"731","https://www.google.com/patents/US20100054578"
"732","https://www.google.com/patents/US20100058485"
"733","https://www.google.com/patents/US20100107093"
"734","https://www.google.com/patents/US20100124967"
"735","https://www.google.com/patents/US20100135596"
"736","https://www.google.com/patents/US20100149092"
"737","https://www.google.com/patents/US20100149134"
"738","https://www.google.com/patents/US20100157047"
"739","https://www.google.com/patents/US20100166056"
"740","https://www.google.com/patents/US20100166058"
"741","https://www.google.com/patents/US20100166062"
"742","https://www.google.com/patents/US20100166063"
"743","https://www.google.com/patents/US20100166064"
"744","https://www.google.com/patents/US20100166065"
"745","https://www.google.com/patents/US20100166066"
"746","https://www.google.com/patents/US20100166068"
"747","https://www.google.com/patents/US20100167809"
"748","https://www.google.com/patents/US20100167816"
"749","https://www.google.com/patents/US20100173280"
"750","https://www.google.com/patents/US20100173845"
"751","https://www.google.com/patents/US20100183651"
"752","https://www.google.com/patents/US20100184673"
"753","https://www.google.com/patents/US20100184674"
"754","https://www.google.com/patents/US20100184675"
"755","https://www.google.com/patents/US20100184676"
"756","https://www.google.com/patents/US20100184677"
"757","https://www.google.com/patents/US20100184678"
"758","https://www.google.com/patents/US20100184679"
"759","https://www.google.com/patents/US20100184680"
"760","https://www.google.com/patents/US20100184698"
"761","https://www.google.com/patents/US20100184704"
"762","https://www.google.com/patents/US20100184708"
"763","https://www.google.com/patents/US20100190711"
"764","https://www.google.com/patents/US20100190712"
"765","https://www.google.com/patents/US20100190713"
"766","https://www.google.com/patents/US20100190716"
"767","https://www.google.com/patents/US20100190717"
"768","https://www.google.com/patents/US20100190722"
"769","https://www.google.com/patents/US20100190724"
"770","https://www.google.com/patents/US20100197572"
"771","https://www.google.com/patents/US20100197585"
"772","https://www.google.com/patents/US20100197586"
"773","https://www.google.com/patents/US20100197587"
"774","https://www.google.com/patents/US20100197588"
"775","https://www.google.com/patents/US20100197599"
"776","https://www.google.com/patents/US20100197600"
"777","https://www.google.com/patents/US20100197601"
"778","https://www.google.com/patents/US20100197602"
"779","https://www.google.com/patents/US20100197603"
"780","https://www.google.com/patents/US20100197604"
"781","https://www.google.com/patents/US20100197605"
"782","https://www.google.com/patents/US20100197608"
"783","https://www.google.com/patents/US20100204090"
"784","https://www.google.com/patents/US20100204107"
"785","https://www.google.com/patents/US20100204108"
"786","https://www.google.com/patents/US20100204109"
"787","https://www.google.com/patents/US20100204110"
"788","https://www.google.com/patents/US20100204111"
"789","https://www.google.com/patents/US20100204112"
"790","https://www.google.com/patents/US20100204113"
"791","https://www.google.com/patents/US20100204114"
"792","https://www.google.com/patents/US20100204115"
"793","https://www.google.com/patents/US20100204116"
"794","https://www.google.com/patents/US20100204117"
"795","https://www.google.com/patents/US20100204118"
"796","https://www.google.com/patents/US20100204129"
"797","https://www.google.com/patents/US20100204130"
"798","https://www.google.com/patents/US20100204131"
"799","https://www.google.com/patents/US20100204132"
"800","https://www.google.com/patents/US20100204134"
"801","https://www.google.com/patents/US20100204135"
"802","https://www.google.com/patents/US20100204136"
"803","https://www.google.com/patents/US20100204138"
"804","https://www.google.com/patents/US20100204139"
"805","https://www.google.com/patents/US20100204140"
"806","https://www.google.com/patents/US20100204141"
"807","https://www.google.com/patents/US20100204142"
"808","https://www.google.com/patents/US20100204143"
"809","https://www.google.com/patents/US20100204144"
"810","https://www.google.com/patents/US20100204145"
"811","https://www.google.com/patents/US20100204148"
"812","https://www.google.com/patents/US20100204149"
"813","https://www.google.com/patents/US20100204150"
"814","https://www.google.com/patents/US20100204151"
"815","https://www.google.com/patents/US20100204152"
"816","https://www.google.com/patents/US20100204153"
"817","https://www.google.com/patents/US20100204154"
"818","https://www.google.com/patents/US20100204155"
"819","https://www.google.com/patents/US20100204156"
"820","https://www.google.com/patents/US20100204157"
"821","https://www.google.com/patents/US20100204158"
"822","https://www.google.com/patents/US20100208032"
"823","https://www.google.com/patents/US20100210532"
"824","https://www.google.com/patents/US20100210533"
"825","https://www.google.com/patents/US20100210534"
"826","https://www.google.com/patents/US20100210535"
"827","https://www.google.com/patents/US20100210536"
"828","https://www.google.com/patents/US20100210537"
"829","https://www.google.com/patents/US20100210538"
"830","https://www.google.com/patents/US20100210539"
"831","https://www.google.com/patents/US20100210540"
"832","https://www.google.com/patents/US20100210553"
"833","https://www.google.com/patents/US20100210554"
"834","https://www.google.com/patents/US20100210555"
"835","https://www.google.com/patents/US20100210556"
"836","https://www.google.com/patents/US20100210557"
"837","https://www.google.com/patents/US20100210558"
"838","https://www.google.com/patents/US20100210559"
"839","https://www.google.com/patents/US20100210561"
"840","https://www.google.com/patents/US20100210562"
"841","https://www.google.com/patents/US20100210567"
"842","https://www.google.com/patents/US20100210568"
"843","https://www.google.com/patents/US20100216722"
"844","https://www.google.com/patents/US20100216724"
"845","https://www.google.com/patents/US20100216729"
"846","https://www.google.com/patents/US20100220174"
"847","https://www.google.com/patents/US20100233661"
"848","https://www.google.com/patents/US20100233674"
"849","https://www.google.com/patents/US20100234306"
"850","https://www.google.com/patents/US20100235523"
"851","https://www.google.com/patents/US20100242063"
"852","https://www.google.com/patents/US20100242128"
"853","https://www.google.com/patents/US20100247436"
"854","https://www.google.com/patents/US20100249017"
"855","https://www.google.com/patents/US20100249019"
"856","https://www.google.com/patents/US20100250530"
"857","https://www.google.com/patents/US20100256043"
"858","https://www.google.com/patents/US20100261153"
"859","https://www.google.com/patents/US20100262599"
"860","https://www.google.com/patents/US20100272252"
"861","https://www.google.com/patents/US20100273700"
"862","https://www.google.com/patents/US20100273701"
"863","https://www.google.com/patents/US20100286028"
"864","https://www.google.com/patents/US20100286029"
"865","https://www.google.com/patents/US20100287609"
"866","https://www.google.com/patents/US20100292132"
"867","https://www.google.com/patents/US20100302233"
"868","https://www.google.com/patents/US20100311065"
"869","https://www.google.com/patents/US20100311643"
"870","https://www.google.com/patents/US20100323950"
"871","https://www.google.com/patents/US20110008523"
"872","https://www.google.com/patents/US20110030087"
"873","https://www.google.com/patents/US20110034158"
"874","https://www.google.com/patents/US20110035820"
"875","https://www.google.com/patents/US20110041206"
"876","https://www.google.com/patents/US20110044661"
"877","https://www.google.com/patents/US20110052601"
"878","https://www.google.com/patents/US20110065490"
"879","https://www.google.com/patents/US20110065630"
"880","https://www.google.com/patents/US20110069825"
"881","https://www.google.com/patents/US20110070876"
"882","https://www.google.com/patents/US20110090098"
"883","https://www.google.com/patents/US20110093492"
"884","https://www.google.com/patents/US20110105226"
"885","https://www.google.com/patents/US20110107220"
"886","https://www.google.com/patents/US20110107270"
"887","https://www.google.com/patents/US20110122063"
"888","https://www.google.com/patents/US20110126255"
"889","https://www.google.com/patents/US20110149161"
"890","https://www.google.com/patents/US20110159121"
"891","https://www.google.com/patents/US20110165627"
"892","https://www.google.com/patents/US20110171360"
"893","https://www.google.com/patents/US20110179515"
"894","https://www.google.com/patents/US20110181689"
"895","https://www.google.com/patents/US20110191074"
"896","https://www.google.com/patents/US20110208778"
"897","https://www.google.com/patents/US20110209240"
"898","https://www.google.com/patents/US20110212090"
"899","https://www.google.com/patents/US20110213680"
"900","https://www.google.com/patents/US20110219419"
"901","https://www.google.com/patents/US20110219472"
"902","https://www.google.com/patents/US20110248914"
"903","https://www.google.com/patents/US20110257973"
"904","https://www.google.com/patents/US20110265007"
"905","https://www.google.com/patents/US20110269117"
"906","https://www.google.com/patents/US20110275432"
"907","https://www.google.com/patents/US20110279634"
"908","https://www.google.com/patents/US20110279635"
"909","https://www.google.com/patents/US20110279636"
"910","https://www.google.com/patents/US20110279637"
"911","https://www.google.com/patents/US20110279638"
"912","https://www.google.com/patents/US20110279639"
"913","https://www.google.com/patents/US20110283203"
"914","https://www.google.com/patents/US20110285707"
"915","https://www.google.com/patents/US20110301073"
"916","https://www.google.com/patents/US20120003627"
"917","https://www.google.com/patents/US20120010138"
"918","https://www.google.com/patents/US20120033743"
"919","https://www.google.com/patents/US20120046641"
"920","https://www.google.com/patents/US20120054892"
"921","https://www.google.com/patents/US20120062691"
"922","https://www.google.com/patents/US20120082226"
"923","https://www.google.com/patents/US20120092348"
"924","https://www.google.com/patents/US20120096574"
"925","https://www.google.com/patents/US20120117675"
"926","https://www.google.com/patents/US20120117684"
"927","https://www.google.com/patents/US20120121679"
"928","https://www.google.com/patents/US20120133653"
"929","https://www.google.com/patents/US20120137381"
"930","https://www.google.com/patents/US20120142433"
"931","https://www.google.com/patents/US20120149476"
"932","https://www.google.com/patents/US20120154444"
"933","https://www.google.com/patents/US20120159665"
"934","https://www.google.com/patents/US20120167244"
"935","https://www.google.com/patents/US20120167246"
"936","https://www.google.com/patents/US20120169733"
"937","https://www.google.com/patents/US20120171230"
"938","https://www.google.com/patents/US20120179833"
"939","https://www.google.com/patents/US20120192305"
"940","https://www.google.com/patents/US20120196276"
"941","https://www.google.com/patents/US20120196770"
"942","https://www.google.com/patents/US20120200568"
"943","https://www.google.com/patents/US20120221520"
"944","https://www.google.com/patents/US20120224694"
"945","https://www.google.com/patents/US20120225135"
"946","https://www.google.com/patents/US20120226553"
"947","https://www.google.com/patents/US20120230103"
"948","https://www.google.com/patents/US20120230104"
"949","https://www.google.com/patents/US20120233001"
"950","https://www.google.com/patents/US20120233638"
"951","https://www.google.com/patents/US20120233719"
"952","https://www.google.com/patents/US20120258126"
"953","https://www.google.com/patents/US20120259699"
"954","https://www.google.com/patents/US20120265928"
"955","https://www.google.com/patents/US20120272017"
"956","https://www.google.com/patents/US20120288891"
"957","https://www.google.com/patents/US20120291080"
"958","https://www.google.com/patents/US20120293442"
"959","https://www.google.com/patents/US20120331058"
"960","https://www.google.com/patents/US20130004547"
"961","https://www.google.com/patents/US20130013908"
"962","https://www.google.com/patents/US20130014207"
"963","https://www.google.com/patents/US20130014208"
"964","https://www.google.com/patents/US20130014245"
"965","https://www.google.com/patents/US20130018984"
"966","https://www.google.com/patents/US20130019026"
"967","https://www.google.com/patents/US20130024908"
"968","https://www.google.com/patents/US20130036171"
"969","https://www.google.com/patents/US20130054820"
"970","https://www.google.com/patents/US20130055315"
"971","https://www.google.com/patents/US20130061264"
"972","https://www.google.com/patents/US20130061273"
"973","https://www.google.com/patents/US20130067526"
"974","https://www.google.com/patents/US20130073345"
"975","https://www.google.com/patents/US20130073738"
"976","https://www.google.com/patents/US20130074129"
"977","https://www.google.com/patents/US20130083607"
"978","https://www.google.com/patents/US20130086608"
"979","https://www.google.com/patents/US20130093325"
"980","https://www.google.com/patents/US20130102372"
"981","https://www.google.com/patents/US20130106857"
"982","https://www.google.com/patents/US20130114345"
"983","https://www.google.com/patents/US20130116014"
"984","https://www.google.com/patents/US20130116032"
"985","https://www.google.com/patents/US20130117500"
"986","https://www.google.com/patents/US20130117620"
"987","https://www.google.com/patents/US20130141428"
"988","https://www.google.com/patents/US20130145412"
"989","https://www.google.com/patents/US20130147761"
"990","https://www.google.com/patents/US20130151760"
"991","https://www.google.com/patents/US20130163326"
"992","https://www.google.com/patents/US20130167258"
"993","https://www.google.com/patents/US20130170296"
"994","https://www.google.com/patents/US20130171591"
"995","https://www.google.com/patents/US20130173983"
"996","https://www.google.com/patents/US20130179579"
"997","https://www.google.com/patents/US20130185072"
"998","https://www.google.com/patents/US20130187926"
"999","https://www.google.com/patents/US20130196627"
"1000","https://www.google.com/patents/US20130198881"
"1001","https://www.google.com/patents/US20130201316"
"1002","https://www.google.com/patents/US20130210579"
"1003","https://www.google.com/patents/US20130213313"
"1004","https://www.google.com/patents/US20130219109"
"1005","https://www.google.com/patents/US20130219560"
"1006","https://www.google.com/patents/US20130223143"
"1007","https://www.google.com/patents/US20130223156"
"1008","https://www.google.com/patents/US20130226744"
"1009","https://www.google.com/patents/US20130234914"
"1010","https://www.google.com/patents/US20130236942"
"1011","https://www.google.com/patents/US20130247125"
"1012","https://www.google.com/patents/US20130247240"
"1013","https://www.google.com/patents/US20130265263"
"1014","https://www.google.com/patents/US20130267429"
"1015","https://www.google.com/patents/US20130269047"
"1016","https://www.google.com/patents/US20130275311"
"1017","https://www.google.com/patents/US20130278076"
"1018","https://www.google.com/patents/US20130278600"
"1019","https://www.google.com/patents/US20130280284"
"1020","https://www.google.com/patents/US20130288692"
"1021","https://www.google.com/patents/US20130290106"
"1022","https://www.google.com/patents/US20130290557"
"1023","https://www.google.com/patents/US20130293212"
"1024","https://www.google.com/patents/US20130298178"
"1025","https://www.google.com/patents/US20130300392"
"1026","https://www.google.com/patents/US20130305405"
"1027","https://www.google.com/patents/US20130312131"
"1028","https://www.google.com/patents/US20130325567"
"1029","https://www.google.com/patents/US20130329115"
"1030","https://www.google.com/patents/US20140002580"
"1031","https://www.google.com/patents/US20140002581"
"1032","https://www.google.com/patents/US20140002582"
"1033","https://www.google.com/patents/US20140011561"
"1034","https://www.google.com/patents/US20140025768"
"1035","https://www.google.com/patents/US20140028912"
"1036","https://www.google.com/patents/US20140029789"
"1037","https://www.google.com/patents/US20140030416"
"1038","https://www.google.com/patents/US20140033340"
"1039","https://www.google.com/patents/US20140037084"
"1040","https://www.google.com/patents/US20140041074"
"1041","https://www.google.com/patents/US20140057314"
"1042","https://www.google.com/patents/US20140058812"
"1043","https://www.google.com/patents/US20140075518"
"1044","https://www.google.com/patents/US20140079639"
"1045","https://www.google.com/patents/US20140079952"
"1046","https://www.google.com/patents/US20140088394"
"1047","https://www.google.com/patents/US20140092052"
"1048","https://www.google.com/patents/US20140092203"
"1049","https://www.google.com/patents/US20140093483"
"1050","https://www.google.com/patents/US20140098180"
"1051","https://www.google.com/patents/US20140100740"
"1052","https://www.google.com/patents/US20140101372"
"1053","https://www.google.com/patents/US20140114119"
"1054","https://www.google.com/patents/US20140119115"
"1055","https://www.google.com/patents/US20140123168"
"1056","https://www.google.com/patents/US20140123184"
"1057","https://www.google.com/patents/US20140123186"
"1058","https://www.google.com/patents/US20140123187"
"1059","https://www.google.com/patents/US20140128129"
"1060","https://www.google.com/patents/US20140130105"
"1061","https://www.google.com/patents/US20140134723"
"1062","https://www.google.com/patents/US20140134740"
"1063","https://www.google.com/patents/US20140134741"
"1064","https://www.google.com/patents/US20140137160"
"1065","https://www.google.com/patents/US20140140589"
"1066","https://www.google.com/patents/US20140141654"
"1067","https://www.google.com/patents/US20140143252"
"1068","https://www.google.com/patents/US20140143271"
"1069","https://www.google.com/patents/US20140143298"
"1070","https://www.google.com/patents/US20140143299"
"1071","https://www.google.com/patents/US20140148622"
"1072","https://www.google.com/patents/US20140154325"
"1073","https://www.google.com/patents/US20140154765"
"1074","https://www.google.com/patents/US20140160068"
"1075","https://www.google.com/patents/US20140164673"
"1076","https://www.google.com/patents/US20140176499"
"1077","https://www.google.com/patents/US20140181479"
"1078","https://www.google.com/patents/US20140181487"
"1079","https://www.google.com/patents/US20140184080"
"1080","https://www.google.com/patents/US20140185384"
"1081","https://www.google.com/patents/US20140188482"
"1082","https://www.google.com/patents/US20140189402"
"1083","https://www.google.com/patents/US20140189405"
"1084","https://www.google.com/patents/US20140189477"
"1085","https://www.google.com/patents/US20140200692"
"1086","https://www.google.com/patents/US20140204003"
"1087","https://www.google.com/patents/US20140213327"
"1088","https://www.google.com/patents/US20140213362"
"1089","https://www.google.com/patents/US20140215469"
"1090","https://www.google.com/patents/US20140215645"
"1091","https://www.google.com/patents/US20140222177"
"1092","https://www.google.com/patents/US20140223084"
"1093","https://www.google.com/patents/US20140226713"
"1094","https://www.google.com/patents/US20140229644"
"1095","https://www.google.com/patents/US20140230085"
"1096","https://www.google.com/patents/US20140232646"
"1097","https://www.google.com/patents/US20140233337"
"1098","https://www.google.com/patents/US20140237512"
"1099","https://www.google.com/patents/US20140243643"
"1100","https://www.google.com/patents/US20140244072"
"1101","https://www.google.com/patents/US20140246924"
"1102","https://www.google.com/patents/US20140247148"
"1103","https://www.google.com/patents/US20140247152"
"1104","https://www.google.com/patents/US20140249825"
"1105","https://www.google.com/patents/US20140258597"
"1106","https://www.google.com/patents/US20140258620"
"1107","https://www.google.com/patents/US20140269471"
"1108","https://www.google.com/patents/US20140269881"
"1109","https://www.google.com/patents/US20140273144"
"1110","https://www.google.com/patents/US20140280264"
"1111","https://www.google.com/patents/US20140281012"
"1112","https://www.google.com/patents/US20140281070"
"1113","https://www.google.com/patents/US20140281753"
"1114","https://www.google.com/patents/US20140282113"
"1115","https://www.google.com/patents/US20140282819"
"1116","https://www.google.com/patents/US20140289434"
"1117","https://www.google.com/patents/US20140297799"
"1118","https://www.google.com/patents/US20140309033"
"1119","https://www.google.com/patents/US20140313580"
"1120","https://www.google.com/patents/US20140315599"
"1121","https://www.google.com/patents/US20140317513"
"1122","https://www.google.com/patents/US20140317519"
"1123","https://www.google.com/patents/US20140327410"
"1124","https://www.google.com/patents/US20140327630"
"1125","https://www.google.com/patents/US20140334233"
"1126","https://www.google.com/patents/US20140351026"
"1127","https://www.google.com/patents/US20140357248"
"1128","https://www.google.com/patents/US20140365558"
"1129","https://www.google.com/patents/US20140370958"
"1130","https://www.google.com/patents/US20140371955"
"1131","https://www.google.com/patents/US20140372558"
"1132","https://www.google.com/patents/US20140372714"
"1133","https://www.google.com/patents/US20140379866"
"1134","https://www.google.com/patents/US20140380068"
"1135","https://www.google.com/patents/US20140380403"
"1136","https://www.google.com/patents/US20150023097"
"1137","https://www.google.com/patents/US20150026433"
"1138","https://www.google.com/patents/US20150029152"
"1139","https://www.google.com/patents/US20150031016"
"1140","https://www.google.com/patents/US20150040156"
"1141","https://www.google.com/patents/US20150046985"
"1142","https://www.google.com/patents/US20150049004"
"1143","https://www.google.com/patents/US20150062000"
"1144","https://www.google.com/patents/US20150062165"
"1145","https://www.google.com/patents/US20150062292"
"1146","https://www.google.com/patents/US20150073876"
"1147","https://www.google.com/patents/US20150081660"
"1148","https://www.google.com/patents/US20150082011"
"1149","https://www.google.com/patents/US20150088687"
"1150","https://www.google.com/patents/US20150093797"
"1151","https://www.google.com/patents/US20150095666"
"1152","https://www.google.com/patents/US20150096071"
"1153","https://www.google.com/patents/US20150096072"
"1154","https://www.google.com/patents/US20150096073"
"1155","https://www.google.com/patents/US20150097663"
"1156","https://www.google.com/patents/US20150097665"
"1157","https://www.google.com/patents/US20150097684"
"1158","https://www.google.com/patents/US20150097687"
"1159","https://www.google.com/patents/US20150100995"
"1160","https://www.google.com/patents/US20150106966"
"1161","https://www.google.com/patents/US20150109186"
"1162","https://www.google.com/patents/US20150121559"
"1163","https://www.google.com/patents/US20150121564"
"1164","https://www.google.com/patents/US20150124049"
"1165","https://www.google.com/patents/US20150130893"
"1166","https://www.google.com/patents/US20150135206"
"1167","https://www.google.com/patents/US20150135214"
"1168","https://www.google.com/patents/US20150138065"
"1169","https://www.google.com/patents/US20150138234"
"1170","https://www.google.com/patents/US20150141145"
"1171","https://www.google.com/patents/US20150143395"
"1172","https://www.google.com/patents/US20150143571"
"1173","https://www.google.com/patents/US20150146925"
"1174","https://www.google.com/patents/US20150146939"
"1175","https://www.google.com/patents/US20150149447"
"1176","https://www.google.com/patents/US20150152433"
"1177","https://www.google.com/patents/US20150153955"
"1178","https://www.google.com/patents/US20150161424"
"1179","https://www.google.com/patents/US20150165320"
"1180","https://www.google.com/patents/US20150168728"
"1181","https://www.google.com/patents/US20150168729"
"1182","https://www.google.com/patents/US20150169365"
"1183","https://www.google.com/patents/US20150169635"
"1184","https://www.google.com/patents/US20150172878"
"1185","https://www.google.com/patents/US20150179274"
"1186","https://www.google.com/patents/US20150186311"
"1187","https://www.google.com/patents/US20150192584"
"1188","https://www.google.com/patents/US20150193163"
"1189","https://www.google.com/patents/US20150208159"
"1190","https://www.google.com/patents/US20150220567"
"1191","https://www.google.com/patents/US20150220569"
"1192","https://www.google.com/patents/US20150220786"
"1193","https://www.google.com/patents/US20150220787"
"1194","https://www.google.com/patents/US20150220788"
"1195","https://www.google.com/patents/US20150220802"
"1196","https://www.google.com/patents/US20150221373"
"1197","https://www.google.com/patents/US20150221382"
"1198","https://www.google.com/patents/US20150221387"
"1199","https://www.google.com/patents/US20150235329"
"1200","https://www.google.com/patents/US20150236528"
"1201","https://www.google.com/patents/US20150238769"
"1202","https://www.google.com/patents/US20150254970"
"1203","https://www.google.com/patents/US20150264544"
"1204","https://www.google.com/patents/US20150268473"
"1205","https://www.google.com/patents/US20150269781"
"1206","https://www.google.com/patents/US20150280748"
"1207","https://www.google.com/patents/US20150280986"
"1208","https://www.google.com/patents/US20150284796"
"1209","https://www.google.com/patents/US20150289028"
"1210","https://www.google.com/patents/US20150293592"
"1211","https://www.google.com/patents/US20150294581"
"1212","https://www.google.com/patents/US20150294584"
"1213","https://www.google.com/patents/US20150294585"
"1214","https://www.google.com/patents/US20150294586"
"1215","https://www.google.com/patents/US20150294587"
"1216","https://www.google.com/patents/US20150294588"
"1217","https://www.google.com/patents/US20150294589"
"1218","https://www.google.com/patents/US20150294591"
"1219","https://www.google.com/patents/US20150294626"
"1220","https://www.google.com/patents/US20150294631"
"1221","https://www.google.com/patents/US20150294633"
"1222","https://www.google.com/patents/US20150294634"
"1223","https://www.google.com/patents/US20150295879"
"1224","https://www.google.com/patents/US20150295986"
"1225","https://www.google.com/patents/US20150296033"
"1226","https://www.google.com/patents/US20150299713"
"1227","https://www.google.com/patents/US20150302207"
"1228","https://www.google.com/patents/US20150302651"
"1229","https://www.google.com/patents/US20150302928"
"1230","https://www.google.com/patents/US20150306340"
"1231","https://www.google.com/patents/US20150310751"
"1232","https://www.google.com/patents/US20150312468"
"1233","https://www.google.com/patents/US20150321098"
"1234","https://www.google.com/patents/US20150331535"
"1235","https://www.google.com/patents/US20150337279"
"1236","https://www.google.com/patents/US20150339453"
"1237","https://www.google.com/patents/US20150339468"
"1238","https://www.google.com/patents/US20150339930"
"1239","https://www.google.com/patents/US20150340093"
"1240","https://www.google.com/patents/US20150340814"
"1241","https://www.google.com/patents/US20150342134"
"1242","https://www.google.com/patents/US20150346722"
"1243","https://www.google.com/patents/US20150348384"
"1244","https://www.google.com/patents/US20150350708"
"1245","https://www.google.com/patents/US20150357815"
"1246","https://www.google.com/patents/US20150360132"
"1247","https://www.google.com/patents/US20150370376"
"1248","https://www.google.com/patents/US20150373939"
"1249","https://www.google.com/patents/US20150374745"
"1250","https://www.google.com/patents/US20150378409"
"1251","https://www.google.com/patents/US20150378412"
"1252","https://www.google.com/patents/US20150379238"
"1253","https://www.google.com/patents/US20150381202"
"1254","https://www.google.com/patents/US20150381906"
"1255","https://www.google.com/patents/US20160000029"
"1256","https://www.google.com/patents/US20160005229"
"1257","https://www.google.com/patents/US20160005320"
"1258","https://www.google.com/patents/US20160007045"
"1259","https://www.google.com/patents/US20160008716"
"1260","https://www.google.com/patents/US20160012822"
"1261","https://www.google.com/patents/US20160014057"
"1262","https://www.google.com/patents/US20160014437"
"1263","https://www.google.com/patents/US20160018853"
"1264","https://www.google.com/patents/US20160019423"
"1265","https://www.google.com/patents/US20160027467"
"1266","https://www.google.com/patents/US20160030841"
"1267","https://www.google.com/patents/US20160033770"
"1268","https://www.google.com/patents/US20160037230"
"1269","https://www.google.com/patents/US20160037768"
"1270","https://www.google.com/patents/US20160049051"
"1271","https://www.google.com/patents/US20160054773"
"1272","https://www.google.com/patents/US20160054788"
"1273","https://www.google.com/patents/US20160055680"
"1274","https://www.google.com/patents/US20160055752"
"1275","https://www.google.com/patents/US20160062375"
"1276","https://www.google.com/patents/US20160062514"
"1277","https://www.google.com/patents/US20160063767"
"1278","https://www.google.com/patents/US20160063919"
"1279","https://www.google.com/patents/US20160066295"
"1280","https://www.google.com/patents/US20160071318"
"1281","https://www.google.com/patents/US20160077569"
"1282","https://www.google.com/patents/US20160078751"
"1283","https://www.google.com/patents/US20160080179"
"1284","https://www.google.com/patents/US20160080739"
